{
	"soundOn" : {
		"type": "checkbox",
		"default": true,
		"description": "Play sound on timer",
		"tooltip": "Play sound on timer. Install 'sox' package to use this feature"
	},
	"soundPath": {
		"type": "soundfilechooser",
		"default": "/usr/share/sounds/freedesktop/stereo/alarm-clock-elapsed.oga",
		"dependency": "soundOn",
		"description": "Soundclip file path",
		"tooltip": "Soundclip file path"
	},
	"showNotifications" : {
		"type": "checkbox",
		"default": true,
		"description": "Show system notification on timer",
		"tooltip": "Show system notification on timer. Install 'zenity' package to use this feature"
	},
	"openSubmenu" : {
		"type": "combobox",
		"default": "Quick setup",
		"options": {
			"Quick setup" : "Quick setup",
			"Precise setup" : "Precise setup",
			"Presets" : "Presets"
		},
		"description": "Submenu to open initially",
		"tooltip": "Submenu to open initially"
	},
	"preset" : {
		"type": "generic",
		"default": [
			60,
			120,
			180,
			300,
			600,
			900,
			1200,
			1800,
			2700,
			3600,
			7200
		],
		"description": "Presets",
		"tooltip": "Presets"
	}
}
